{
  "generated_at": "2026-02-18T00:47:39.962269+00:00",
  "scenarios": [
    {
      "name": "prompt_text_only",
      "iterations": 100,
      "latency_ms": {
        "p50": 0.642709,
        "p95": 1.1754580000000001,
        "mean": 0.7179529299999998,
        "min": 0.4904589999999999,
        "max": 2.159917
      },
      "peak_memory_bytes": 13107200
    },
    {
      "name": "prompt_with_tools",
      "iterations": 100,
      "latency_ms": {
        "p50": 1.168375,
        "p95": 1.9915000000000003,
        "mean": 1.2066788100000003,
        "min": 0.53975,
        "max": 4.301125
      },
      "peak_memory_bytes": 14532608
    },
    {
      "name": "concurrent_sessions",
      "iterations": 1600,
      "latency_ms": {
        "p50": 0.741583,
        "p95": 41.204459,
        "mean": 10.730348671875001,
        "min": 0.275667,
        "max": 1296.077709
      },
      "peak_memory_bytes": 18071552
    }
  ]
}