{
  "generated_at": "2026-03-15T07:16:08-0700",
  "environment": {
    "os": "macos",
    "arch": "aarch64",
    "cpu_count": 10
  },
  "config": {
    "requested_scenario": "gate",
    "iterations": 50
  },
  "scenarios": [
    {
      "name": "ping",
      "iterations": 50,
      "latency_ms": {
        "p50": 0.0987919993349351,
        "p95": 0.1450829986424651,
        "mean": 0.13156501998309977,
        "min": 0.08083300053840503,
        "max": 1.4543329998559784
      }
    },
    {
      "name": "session_create",
      "iterations": 50,
      "latency_ms": {
        "p50": 0.24487499831593595,
        "p95": 0.3079170019191224,
        "mean": 0.25096835976000875,
        "min": 0.20458300059544854,
        "max": 0.4902500004391186
      }
    },
    {
      "name": "session_list",
      "iterations": 50,
      "latency_ms": {
        "p50": 0.12770800094585866,
        "p95": 0.15454200183739886,
        "mean": 0.13213833997724578,
        "min": 0.11891699978150427,
        "max": 0.21258400010992773
      }
    }
  ]
}